{
  "token_acc":100.0,
  "ents_p":0.0,
  "ents_r":0.0,
  "tags_acc":98.3690018901,
  "ents_f":0.0,
  "uas":1.5242972989,
  "ents_per_type":{

  },
  "las":0.0
}